City_ID,City,Country,Lat,Lng,Max Temp,Humidity,Cloudiness,Wind Speed,Current Description
0,Ayagoz,KZ,47.9714,80.4392,45.64,48,0,8.7,clear sky
1,Caravelas,BR,-17.7125,-39.2481,78.49,73,1,10.25,clear sky
2,Chuy,UY,-33.6971,-53.4616,53.51,95,100,12.24,overcast clouds
3,Port Alfred,ZA,-33.5906,26.891,64.51,73,76,31.74,broken clouds
4,Agadez,NE,19.75,10.25,94.35,13,95,5.57,overcast clouds
5,Busselton,AU,-33.65,115.3333,49.08,82,0,3.51,clear sky
6,Ushuaia,AR,-54.8,-68.3,49.62,53,98,7.94,overcast clouds
7,Molchanovo,RU,57.5817,83.7692,43.21,92,100,10.04,overcast clouds
8,Eskilstuna,SE,59.3666,16.5077,62.8,91,22,4.88,few clouds
9,Medea,DZ,36.2642,2.7539,68.45,51,12,12.93,few clouds
10,Takab,IR,36.4009,47.1133,63.7,55,0,5.28,clear sky
11,Husavik,IS,66.0449,-17.3389,51.82,58,57,4.63,broken clouds
12,Cape Town,ZA,-33.9258,18.4232,71.11,59,100,1.99,overcast clouds
13,Bardiyah,LY,31.7561,25.0865,76.98,66,0,13.91,clear sky
14,Praia Da Vitoria,PT,38.7333,-27.0667,73.76,90,100,10.96,overcast clouds
15,Saint-Joseph,RE,-21.3667,55.6167,70.16,81,27,5.82,light rain
16,Belmonte,BR,-15.8631,-38.8828,82.9,67,0,10.63,clear sky
17,Bredasdorp,ZA,-34.5322,20.0403,66.27,72,100,2.66,overcast clouds
18,Nhlangano,SZ,-27.1167,31.2,52.79,86,6,4.09,clear sky
19,Mahebourg,MU,-20.4081,57.7,69.26,78,6,9.53,clear sky
20,Dirba,IN,30.0667,75.9833,80.01,78,46,6.42,scattered clouds
21,Port Elizabeth,ZA,-33.918,25.5701,66.09,74,94,20.49,overcast clouds
22,Stavrovo,RU,56.1331,40.013,55.74,94,22,9.51,few clouds
23,Sur,OM,22.5667,59.5289,84.79,69,100,11.79,overcast clouds
24,Bantry,IE,51.6833,-9.45,63.88,94,89,8.88,overcast clouds
25,Punta Arenas,CL,-53.15,-70.9167,53.71,35,0,21.85,clear sky
26,Almazar,UZ,40.3217,69.0106,73.11,38,0,7.87,clear sky
27,Nicoya,CR,10.1483,-85.452,85.55,79,100,4.0,light rain
28,Georgetown,MY,5.4112,100.3354,78.89,90,20,3.44,few clouds
29,Angoche,MZ,-16.2325,39.9086,74.26,70,0,11.07,clear sky
30,Salinopolis,BR,-0.6136,-47.3561,83.1,69,89,12.8,overcast clouds
31,Iqaluit,CA,63.7506,-68.5145,39.09,72,100,10.6,overcast clouds
32,Brae,GB,60.3964,-1.353,55.31,97,100,14.45,overcast clouds
33,Constitucion,CL,-35.3333,-72.4167,61.48,58,2,13.4,clear sky
34,Manono,CD,-7.3,27.4167,85.23,38,72,3.22,broken clouds
35,Saldanha,ZA,-33.0117,17.9442,59.5,67,100,10.94,overcast clouds
36,Ribeira Grande,PT,38.5167,-28.7,73.8,88,75,10.36,broken clouds
37,Acari,PE,-15.4311,-74.6158,72.63,59,49,7.27,scattered clouds
38,Warri,NG,5.5167,5.75,78.37,87,27,5.75,scattered clouds
39,Saint George,US,37.1041,-113.5841,102.67,22,1,0.0,clear sky
40,Refojos De Basto,PT,41.5132,-7.9952,64.9,96,100,4.41,overcast clouds
41,Cidreira,BR,-30.1811,-50.2056,68.67,59,0,11.39,clear sky
42,Lasa,IT,46.6166,10.7002,64.31,87,48,2.91,scattered clouds
43,Kilemary,RU,56.7783,46.8659,51.06,91,92,7.16,overcast clouds
44,Touros,BR,-5.1989,-35.4608,83.3,64,7,16.33,clear sky
45,Hermanus,ZA,-34.4187,19.2345,70.9,58,100,9.82,overcast clouds
46,Peniche,PT,39.3558,-9.3811,74.68,89,32,8.39,scattered clouds
47,Rabo De Peixe,PT,37.8,-25.5833,72.91,73,20,11.5,few clouds
48,Arys,KZ,42.4252,68.795,64.62,20,99,14.2,overcast clouds
49,Hithadhoo,MV,-0.6,73.0833,83.44,69,10,9.42,clear sky
50,Lebu,CL,-37.6167,-73.65,55.63,80,7,14.52,clear sky
51,Kouvola,FI,60.8667,26.7,52.12,100,90,2.3,overcast clouds
52,Hofn,IS,64.2539,-15.2082,50.7,64,100,3.13,overcast clouds
53,Beloha,MG,-25.1667,45.05,65.07,77,1,10.87,clear sky
54,Owando,CG,-0.4819,15.8999,80.24,64,85,2.42,overcast clouds
55,Maragogi,BR,-9.0122,-35.2225,78.53,75,17,8.79,few clouds
56,Jamestown,US,42.097,-79.2353,70.09,58,40,10.0,scattered clouds
57,Potsdam,DE,52.3989,13.0657,74.05,64,0,6.22,clear sky
58,Leh,IN,34.1667,77.5833,59.43,56,68,1.79,broken clouds
59,Arraial Do Cabo,BR,-22.9661,-42.0278,75.06,78,0,19.57,clear sky
60,Mahibadhoo,MV,3.7833,72.9667,82.11,73,53,3.04,broken clouds
61,Dabakala,CI,8.3667,-4.4333,75.18,91,44,2.53,light rain
62,Avdiyivka,UA,48.1399,37.7426,63.12,31,8,0.4,clear sky
63,Talcahuano,CL,-36.7167,-73.1167,57.27,73,3,10.47,clear sky
64,Pangnirtung,CA,66.1451,-65.7125,40.39,55,83,2.39,broken clouds
65,Ifo,NG,6.8144,3.1958,77.9,83,68,6.62,broken clouds
66,Qaanaaq,GL,77.484,-69.3632,24.51,72,62,5.5,broken clouds
67,Torbay,CA,47.6666,-52.7314,71.76,73,7,1.01,clear sky
68,Krasnoselkup,RU,65.7,82.4667,45.37,91,100,14.23,overcast clouds
69,Saint-Philippe,RE,-21.3585,55.7679,71.15,82,49,6.98,light rain
70,Longyearbyen,SJ,78.2186,15.6401,39.04,75,75,9.22,broken clouds
71,Bubaque,GW,11.2833,-15.8333,81.48,82,91,12.08,overcast clouds
72,Monrovia,LR,6.3005,-10.7969,78.35,86,100,9.71,light rain
73,Wabana,CA,47.6332,-52.9481,71.56,70,18,1.61,few clouds
74,Diamantino,BR,-14.4086,-56.4461,86.27,45,97,6.69,overcast clouds
75,Kaduqli,SD,11.0167,29.7167,71.83,89,37,4.34,light rain
76,Klaksvik,FO,62.2266,-6.589,49.12,72,6,6.96,clear sky
77,Rawson,AR,-43.3002,-65.1023,60.91,47,100,17.87,overcast clouds
78,San Luis,AR,-33.295,-66.3356,58.1,34,0,5.95,clear sky
79,Leshukonskoye,RU,64.8989,45.7622,39.56,92,62,7.29,broken clouds
80,East London,ZA,-33.0153,27.9116,65.34,70,100,22.06,overcast clouds
81,Namibe,AO,-15.1961,12.1522,65.64,93,25,7.36,scattered clouds
82,Wukari,NG,7.85,9.7833,77.54,87,92,5.46,overcast clouds
83,Vrede,ZA,-27.4257,29.1659,54.43,52,2,10.31,clear sky
84,Kidal,ML,18.4411,1.4078,97.92,18,17,8.97,few clouds
85,Rio Grande,BR,-32.035,-52.0986,58.95,79,100,21.16,overcast clouds
86,Sal Rei,CV,16.1833,-22.9167,84.76,79,40,9.22,scattered clouds
87,Macusani,PE,-14.0833,-70.4333,42.53,77,100,11.01,overcast clouds
88,Salalah,OM,17.0151,54.0924,80.69,94,90,4.61,overcast clouds
89,Bonfim,BR,3.0833,-59.95,87.03,60,100,3.0,overcast clouds
90,Kriel,ZA,-26.2739,29.2253,54.81,61,6,14.16,clear sky
91,Mar Del Plata,AR,-38.0023,-57.5575,51.58,92,100,31.32,overcast clouds
92,Olinda,BR,-8.0089,-34.8553,78.53,65,40,13.8,scattered clouds
93,Gornopravdinsk,RU,60.05,69.9,39.94,88,24,5.91,few clouds
94,Maturin,VE,9.75,-63.1767,79.75,77,100,6.73,overcast clouds
95,Mandera,KE,3.9366,41.867,84.79,48,99,22.01,overcast clouds
96,Bereznik,RU,62.8551,42.7072,42.66,92,97,3.69,overcast clouds
97,Gbarnga,LR,6.9956,-9.4722,73.69,98,100,4.83,moderate rain
98,Nuuk,GL,64.1835,-51.7216,47.01,53,20,8.05,few clouds
99,Izhma,RU,65.0083,53.9113,42.57,93,100,10.63,overcast clouds
100,Cockburn Town,TC,21.4612,-71.1419,85.96,66,20,4.61,few clouds
101,Narsaq,GL,60.9167,-46.05,50.22,68,100,4.12,overcast clouds
102,Sao Filipe,CV,14.8961,-24.4956,80.06,74,11,4.92,few clouds
103,Canavieiras,BR,-15.675,-38.9472,78.51,68,2,8.99,clear sky
104,Aripuana,BR,-9.1667,-60.6333,82.47,68,94,3.83,overcast clouds
105,Colchester,GB,51.8892,0.9042,69.89,80,7,8.72,clear sky
106,Upernavik,GL,72.7868,-56.1549,33.96,76,93,6.06,overcast clouds
107,Ostrovnoy,RU,68.0531,39.5131,39.74,89,94,15.84,overcast clouds
108,Gardez,AF,33.5974,69.2259,63.66,75,0,4.68,clear sky
109,Katav-Ivanovsk,RU,54.7531,58.1956,47.59,97,100,9.98,light rain
110,Ponta Do Sol,PT,32.6667,-17.1,79.0,79,100,2.55,overcast clouds
111,Carnarvon,AU,-24.8667,113.6333,64.47,94,19,8.05,few clouds
112,Paamiut,GL,61.994,-49.6678,43.57,93,100,3.87,overcast clouds
113,Diego De Almagro,CL,-26.3667,-70.05,75.36,16,0,9.01,clear sky
114,Richards Bay,ZA,-28.783,32.0377,64.08,82,0,3.8,clear sky
115,Port Hawkesbury,CA,45.6169,-61.3485,73.0,92,90,4.0,mist
116,Dikson,RU,73.5069,80.5464,41.7,83,8,6.8,clear sky
117,Krasnyy Oktyabr,RU,56.1167,38.8833,60.3,95,15,6.82,few clouds
118,Narendranagar,IN,30.1667,78.3,64.67,94,77,3.96,light rain
119,Maceio,BR,-9.6658,-35.7353,83.64,69,20,12.66,few clouds
120,Sainte-Maxime,FR,43.3,6.6333,75.96,84,94,9.42,overcast clouds
121,Port Blair,IN,11.6667,92.75,79.47,84,100,19.46,overcast clouds
122,Loandjili,CG,-4.7561,11.8578,76.39,82,5,8.14,clear sky
123,Havoysund,NO,70.9963,24.6622,44.83,76,100,13.82,overcast clouds
124,Saint-Georges,GD,12.0564,-61.7485,89.28,70,40,18.41,scattered clouds
125,Wisconsin Rapids,US,44.3836,-89.8174,74.28,57,1,3.44,clear sky
126,Beitbridge,ZW,-22.2167,30.0,68.32,68,26,12.53,scattered clouds
127,Kruisfontein,ZA,-34.0033,24.7314,63.88,76,100,11.43,overcast clouds
128,Huarmey,PE,-10.0681,-78.1522,68.23,74,24,11.92,few clouds
129,Salinas,US,36.6777,-121.6555,92.57,60,1,9.22,clear sky
130,Yertsevo,RU,60.7966,40.086,45.45,82,100,3.65,overcast clouds
131,Keetmanshoop,NA,-26.5833,18.1333,75.24,8,58,10.89,broken clouds
132,Ovruch,UA,51.3246,28.8035,58.46,61,5,5.14,clear sky
133,Mitsamiouli,KM,-11.3847,43.2844,76.82,74,6,4.9,clear sky
134,Severnoye,RU,56.3491,78.3619,43.79,91,100,7.92,overcast clouds
135,Mapiripan,CO,2.8892,-72.1256,87.93,57,56,5.73,broken clouds
136,Cap Malheureux,MU,-19.9842,57.6142,69.48,77,33,1.99,scattered clouds
137,Durban,ZA,-29.8579,31.0292,67.01,84,43,3.0,scattered clouds
138,Sorland,NO,67.667,12.6934,46.47,64,100,11.92,overcast clouds
139,Vardo,NO,70.3705,31.1107,40.98,87,75,12.66,broken clouds
140,Laguna,US,38.421,-121.4238,105.64,33,1,5.01,clear sky
141,Plettenberg Bay,ZA,-34.0527,23.3716,62.55,56,20,7.72,few clouds
142,Shuyskoye,RU,59.3736,41.0305,49.78,75,100,3.0,light rain
143,Saint Simons,US,31.1352,-81.3901,89.01,66,75,12.66,broken clouds
144,Riachao,BR,-7.3619,-46.6172,98.69,16,6,6.4,clear sky
145,Syracuse,IT,37.0881,15.2792,76.89,69,5,10.27,clear sky
146,Kumluca,TR,36.3703,30.2869,78.48,64,0,4.5,clear sky
147,Sao Joao Da Barra,BR,-21.6403,-41.0511,80.69,79,3,21.83,clear sky
148,Grindavik,IS,63.8424,-22.4338,52.27,71,75,10.36,broken clouds
149,Bambous Virieux,MU,-20.3428,57.7575,69.22,77,2,9.53,clear sky
150,Tasiilaq,GL,65.6145,-37.6368,46.56,51,0,12.3,clear sky
151,Kapuskasing,CA,49.4169,-82.4331,59.29,76,99,7.16,light rain
152,Astana,KZ,51.1801,71.446,51.75,62,40,8.95,scattered clouds
153,Tahta,EG,26.7693,31.5021,91.04,25,0,14.88,clear sky
154,Gorele,TR,41.0308,39.0031,69.24,84,79,1.57,broken clouds
155,Canton,CN,23.1167,113.25,84.15,75,76,3.89,broken clouds
156,Luderitz,NA,-26.6481,15.1594,56.46,81,37,5.86,scattered clouds
157,Westport,US,41.1415,-73.3579,72.72,92,90,4.0,overcast clouds
158,Guadix,ES,37.2993,-3.1392,71.87,56,38,9.51,scattered clouds
159,Halifax,CA,44.6453,-63.5724,72.52,92,90,5.01,mist
160,Bandarbeyla,SO,9.4942,50.8122,77.25,86,67,31.29,broken clouds
161,Huntingdon,GB,52.3305,-0.1865,69.93,78,18,5.01,few clouds
162,Sari,IR,36.5633,53.0601,70.47,86,100,7.7,overcast clouds
163,Kulhudhuffushi,MV,6.6221,73.07,82.11,75,69,6.02,broken clouds
164,Langnau,CH,46.9394,7.7874,64.53,91,55,3.31,broken clouds
165,Shu,KZ,43.5983,73.7614,61.38,26,0,12.57,clear sky
166,Farafangana,MG,-22.8167,47.8333,69.31,86,5,4.63,light rain
167,Faya,SA,18.3851,42.4509,72.12,28,67,4.32,broken clouds
168,Santo Amaro,BR,-12.5467,-38.7119,78.84,58,11,8.37,few clouds
169,Tucuman,AR,-26.8241,-65.2226,73.4,21,0,6.91,clear sky
170,Abu Samrah,SY,35.3029,37.1841,77.5,50,0,10.47,clear sky
171,Luanda,AO,-8.8368,13.2343,73.4,88,40,10.36,scattered clouds
172,Coracora,PE,-15.0333,-73.7833,61.63,36,60,11.92,broken clouds
173,Hamilton,US,39.1834,-84.5333,78.94,51,40,1.01,scattered clouds
174,Abha,SA,18.2164,42.5053,71.85,14,0,6.91,clear sky
175,Luau,AO,-10.7073,22.2247,78.17,21,5,3.89,clear sky
176,Tarko-Sale,RU,64.9225,77.785,41.7,64,23,6.96,few clouds
177,Zverinogolovskoye,RU,54.4586,64.8542,55.78,49,100,14.63,overcast clouds
178,Vila Velha,BR,-20.3297,-40.2925,79.56,69,7,22.03,clear sky
179,Tupancireta,BR,-29.0806,-53.8358,55.17,81,100,15.28,overcast clouds
180,Carutapera,BR,-1.195,-46.02,84.02,64,47,10.13,scattered clouds
181,Castro,BR,-24.7911,-50.0119,69.67,70,100,10.09,overcast clouds
182,Mahwa,IN,27.0471,76.9288,82.04,75,100,7.61,overcast clouds
183,Muros,ES,42.7762,-9.0603,68.23,89,80,4.27,broken clouds
184,Port-Gentil,GA,-0.7193,8.7815,77.43,84,40,15.61,scattered clouds
185,Dutlwe,BW,-23.9833,23.9,68.88,42,0,12.12,clear sky
186,Saint-Leu,RE,-21.15,55.2833,70.63,74,6,2.73,clear sky
187,Kavaratti,IN,10.5669,72.642,81.77,79,10,11.25,clear sky
188,Kautokeino,NO,69.0125,23.0412,36.91,90,36,4.94,scattered clouds
189,Pitimbu,BR,-7.4706,-34.8086,81.19,71,6,13.02,clear sky
190,Strezhevoy,RU,60.7333,77.5889,39.18,63,100,7.65,overcast clouds
191,Matagami,CA,49.7502,-77.6328,50.22,95,100,8.79,overcast clouds
192,Ambilobe,MG,-13.2,49.05,69.3,80,12,3.06,few clouds
193,West Bay,KY,19.3667,-81.4167,87.08,80,89,4.0,overcast clouds
194,Los Llanitos,HN,13.2869,-87.3344,90.05,71,47,5.46,scattered clouds
195,Sabha,LY,27.0377,14.4283,88.2,22,0,10.36,clear sky
196,Amurrio,ES,43.05,-3.0,71.35,89,100,3.31,light rain
197,Honningsvag,NO,70.9821,25.9704,44.35,81,75,10.36,broken clouds
198,Adrar,MR,20.5022,-10.0711,102.67,9,4,9.01,clear sky
199,Tabou,CI,4.423,-7.3528,77.32,88,33,10.22,light rain
200,Dangriga,BZ,16.9692,-88.2321,86.99,71,11,10.2,few clouds
201,Kifri,IQ,34.6959,44.9661,90.37,16,0,9.33,clear sky
202,Carbonia,IT,39.1672,8.5222,77.65,84,100,6.24,overcast clouds
203,Pizarro,CO,4.9533,-77.366,80.85,82,100,8.41,light rain
204,Rosario,AR,-32.9468,-60.6393,60.71,67,90,8.01,overcast clouds
205,Espinosa,BR,-14.9261,-42.8192,93.99,16,4,11.14,clear sky
206,Ostersund,SE,63.1792,14.6357,50.45,100,75,3.44,drizzle
207,Mizdah,LY,31.4451,12.9801,83.16,29,0,1.9,clear sky
208,Nsanje,MW,-16.92,35.262,75.43,57,0,9.66,clear sky
209,Victoria,HK,22.2855,114.1577,85.32,82,100,1.99,overcast clouds
210,San Rafael,AR,-34.6177,-68.3301,62.56,30,30,6.55,scattered clouds
211,Orumiyeh,IR,37.5527,45.0761,65.57,58,0,6.02,clear sky
212,Fethiye,TR,36.6217,29.1164,73.27,79,0,3.2,clear sky
213,El Chichicaste,HN,14.0667,-86.3,83.95,70,100,3.89,overcast clouds
214,Belchertown,US,42.277,-72.4009,72.0,79,90,0.0,light rain
215,Altay,CN,47.8667,88.1167,52.88,69,27,2.13,scattered clouds
216,Saint-Pierre,RE,-21.3393,55.4781,71.24,67,20,4.61,few clouds
217,Mocajuba,BR,-2.5842,-49.5072,90.45,50,100,5.5,overcast clouds
218,Rocha,UY,-34.4833,-54.3333,53.82,92,100,3.53,overcast clouds
219,San Cristobal,VE,7.7669,-72.225,82.58,52,99,6.98,overcast clouds
220,San Isidro,PE,-12.1167,-77.05,66.25,77,75,1.01,broken clouds
221,Bejar,ES,40.3864,-5.7634,68.14,66,79,4.76,broken clouds
222,Sfantu Gheorghe,RO,45.8667,25.7833,57.27,52,87,3.78,overcast clouds
223,Umm Lajj,SA,25.0213,37.2685,88.81,57,11,6.26,few clouds
224,Nouadhibou,MR,20.931,-17.0347,73.58,79,77,21.09,broken clouds
225,Denizli,TR,37.8402,29.0698,72.45,61,67,3.06,broken clouds
226,Havre-Saint-Pierre,CA,50.2334,-63.5986,61.16,100,90,5.75,mist
227,Januaria,BR,-15.4833,-44.3667,96.91,15,1,8.46,clear sky
228,Pascagoula,US,30.3658,-88.5561,87.85,61,100,8.79,overcast clouds
229,Hobyo,SO,5.3505,48.5268,77.74,81,100,27.94,overcast clouds
230,Chimoio,MZ,-19.1164,33.4833,65.37,76,15,7.65,few clouds
231,Sakakah,SA,29.9697,40.2064,87.28,14,0,9.35,clear sky
232,Axim,GH,4.8699,-2.2405,77.32,87,5,8.01,light rain
233,Tucurui,BR,-3.7661,-49.6725,95.9,33,100,3.44,overcast clouds
234,Cabedelo,BR,-6.9811,-34.8339,79.54,71,57,13.35,broken clouds
235,Gat,IL,31.61,34.7642,85.41,100,0,11.56,clear sky
236,Berlevag,NO,70.8578,29.0864,44.6,81,75,20.71,broken clouds
237,Shakiso,ET,5.75,38.9167,55.38,91,61,3.04,broken clouds
238,Dingle,PH,10.9995,122.6711,75.76,93,100,9.75,light rain
239,Tabuk,PH,17.4189,121.4443,73.83,95,100,2.8,overcast clouds
240,Jatai,BR,-17.8814,-51.7144,96.58,18,23,6.58,few clouds
241,Cacapava Do Sul,BR,-30.5122,-53.4914,50.67,82,100,15.23,overcast clouds
242,Bathsheba,BB,13.2167,-59.5167,88.41,66,20,18.41,few clouds
243,Esmeraldas,BR,-19.7625,-44.3139,92.26,18,6,5.55,clear sky
244,Ipora,BR,-16.4419,-51.1178,98.85,15,23,8.08,few clouds
245,Skjervoy,NO,70.0311,20.9714,42.8,83,100,14.03,light rain
246,Salta,AR,-24.7859,-65.4117,68.58,33,0,7.0,clear sky
247,Oksfjord,NO,70.2396,22.3479,44.67,96,100,5.14,light rain
248,Lavumisa,SZ,-27.31,31.892,61.05,85,0,0.74,clear sky
249,Dmitriyevskoye,RU,45.8053,41.8967,58.91,67,0,7.29,clear sky
250,Marzuq,YE,14.4,46.4667,84.6,30,100,10.89,overcast clouds
251,Cayenne,GF,4.9333,-52.3333,86.04,82,75,1.99,broken clouds
252,Isla Mujeres,MX,21.2311,-86.731,82.45,70,36,10.74,scattered clouds
253,Norrtalje,SE,59.758,18.705,62.02,87,27,5.21,scattered clouds
254,Almeirim,BR,-1.5233,-52.5817,94.59,38,100,5.86,overcast clouds
255,Souillac,MU,-20.5167,57.5167,69.37,80,12,8.7,few clouds
256,Plast,RU,54.3691,60.8136,49.84,85,100,15.61,overcast clouds
257,Urengoy,RU,65.9667,78.3667,40.87,66,18,6.08,few clouds
258,Batsfjord,NO,70.6345,29.7185,44.53,83,71,18.19,broken clouds
259,Champua,IN,22.0833,85.6667,76.68,86,98,2.15,overcast clouds
260,Dalbandin,PK,28.8947,64.4101,84.94,15,56,1.48,broken clouds
261,Kesova Gora,RU,57.5836,37.2922,59.23,81,100,10.65,overcast clouds
262,Pospelikha,RU,51.95,81.7667,48.07,49,53,7.96,broken clouds
263,Kedrovyy,RU,56.1667,91.8167,43.21,70,8,8.86,clear sky
264,Kirgiz-Miyaki,RU,53.6324,54.7979,52.54,90,100,15.68,overcast clouds
265,Atbasar,KZ,51.8,68.3333,51.96,70,99,11.95,overcast clouds
266,Birao,CF,10.2849,22.7882,75.13,89,63,1.41,light rain
267,Bilma,NE,18.6853,12.9164,98.76,14,54,7.58,broken clouds
268,Valparaiso,CL,-33.0393,-71.6273,59.09,64,0,9.66,clear sky
269,Gourcy,BF,13.2167,-2.35,82.81,62,47,13.31,scattered clouds
270,Xuddur,SO,4.1213,43.8894,77.2,62,100,21.18,overcast clouds
271,Panama City,PA,8.9936,-79.5197,90.18,72,20,5.75,few clouds
272,Coquimbo,CL,-29.9533,-71.3436,60.53,67,0,12.66,clear sky
273,Vestmannaeyjar,IS,63.4427,-20.2734,51.71,77,41,5.68,scattered clouds
274,Quatre Cocos,MU,-20.2078,57.7625,69.1,78,12,10.04,few clouds
275,Velika Gorica,HR,45.7125,16.0756,68.18,60,0,0.0,clear sky
276,Una,IN,20.8167,71.0333,78.96,92,100,13.67,overcast clouds
277,Igarka,RU,67.4667,86.5833,48.33,97,100,5.1,light rain
278,Korla,CN,41.7597,86.1469,78.58,20,0,1.61,clear sky
279,Rosetta,EG,31.4044,30.4164,76.84,73,0,11.77,clear sky
280,Rampur,IN,28.8167,79.0333,79.21,80,100,7.45,overcast clouds
281,Den Helder,NL,52.9599,4.7593,66.97,88,75,6.91,broken clouds
282,Bowmore,US,34.9421,-79.3031,75.88,88,90,4.61,mist
283,Gadsden,US,34.0143,-86.0066,85.01,44,0,11.5,clear sky
284,Nanortalik,GL,60.1432,-45.2371,44.91,91,100,10.54,overcast clouds
285,Jaguaruna,BR,-28.615,-49.0256,68.23,79,34,8.14,scattered clouds
286,Diapaga,BF,12.0708,1.7889,78.69,79,36,6.38,scattered clouds
287,Praia,CV,14.9215,-23.5087,82.94,78,20,5.75,few clouds
288,Grand Gaube,MU,-20.0064,57.6608,69.39,77,41,1.99,scattered clouds
289,Scarborough,GB,54.2797,-0.4044,66.65,87,100,6.24,overcast clouds
290,Rehnan,IR,32.6846,51.6013,72.91,19,0,11.07,clear sky
291,Maroantsetra,MG,-15.4333,49.7333,69.46,85,21,2.75,few clouds
292,Padang,ID,-0.9492,100.3543,75.25,87,24,3.44,few clouds
293,Yar-Sale,RU,66.8333,70.8333,40.26,69,73,9.53,broken clouds
294,Dakar,SN,14.6937,-17.4441,86.88,84,10,14.5,clear sky
295,Jacareacanga,BR,-6.2222,-57.7528,73.92,95,100,3.31,overcast clouds
296,Santo Antonio Do Ica,BR,-3.1022,-67.9397,86.9,63,100,1.28,overcast clouds
297,Eregli,TR,37.5133,34.0467,68.83,33,0,2.66,clear sky
298,Uyuni,BO,-20.4597,-66.825,56.82,5,7,16.6,clear sky
299,Shetpe,KZ,44.1667,52.1167,59.25,29,0,5.97,clear sky
300,Letterkenny,IE,54.95,-7.7333,66.09,94,99,2.62,overcast clouds
301,Abu Kamal,SY,34.4506,40.9171,87.84,26,0,11.39,clear sky
302,Coihaique,CL,-45.5752,-72.0662,57.81,62,90,8.05,overcast clouds
303,Lagoa,PT,39.05,-27.9833,72.23,86,100,14.43,overcast clouds
304,Andenes,NO,69.3143,16.1194,46.38,81,75,16.11,light rain
305,Krasnogorskoye,RU,52.2953,86.1979,43.09,74,98,5.44,overcast clouds
306,Busko-Zdroj,PL,50.4708,20.7188,62.65,63,9,3.83,clear sky
307,Bandar-E Lengeh,IR,26.5579,54.8807,92.23,61,100,8.88,overcast clouds
308,Forte Dei Marmi,IT,43.9648,10.1724,74.57,61,0,0.74,clear sky
309,Bushehr,IR,28.9684,50.8385,93.38,57,1,13.13,clear sky
310,Porto Novo,BJ,6.4965,2.6036,77.9,86,30,6.53,scattered clouds
311,Muravlenko,RU,63.7898,74.523,41.27,66,51,4.38,broken clouds
312,Mazyr,BY,52.0495,29.2456,59.31,78,10,2.95,clear sky
313,Krasnovishersk,RU,60.4078,57.082,45.0,95,97,10.65,overcast clouds
314,Yevpatoriya,UA,45.1972,33.3558,61.84,57,64,15.68,broken clouds
315,Takoradi,GH,4.8845,-1.7554,77.2,88,5,7.99,clear sky
316,Zyryanovsk,KZ,49.7386,84.2719,41.0,66,45,0.87,scattered clouds
317,Aksay,RU,47.26,39.87,64.62,33,6,4.7,clear sky
318,Neuquen,AR,-38.9516,-68.0591,67.89,34,0,10.36,clear sky
319,General Roca,AR,-39.0333,-67.5833,68.4,26,61,9.19,broken clouds
320,Santa Maria,BR,-29.6842,-53.8069,57.09,79,100,14.38,overcast clouds
321,Casablanca,MA,33.5928,-7.6192,77.22,77,5,9.26,clear sky
322,Tiznit,MA,29.5833,-9.5,81.45,31,1,5.1,clear sky
323,Tabory,RU,58.5198,64.5495,49.06,95,100,9.17,light rain
324,Porbandar,IN,21.6422,69.6093,80.35,88,100,9.93,overcast clouds
325,Kozhva,RU,65.1073,57.0459,42.96,99,100,3.78,overcast clouds
326,Cururupu,BR,-1.8283,-44.8683,84.96,61,95,6.22,overcast clouds
327,Puerto Carreno,CO,6.189,-67.4859,90.97,53,52,1.36,broken clouds
328,Kudahuvadhoo,MV,2.6708,72.8944,82.24,72,75,4.05,broken clouds
329,Malanje,AO,-9.5402,16.341,80.44,38,96,3.11,overcast clouds
330,Andros Town,BS,24.7,-77.7667,91.36,61,52,2.01,moderate rain
331,Giyon,ET,8.5333,37.9833,55.11,94,100,1.57,overcast clouds
332,Ithaca,US,42.4406,-76.4966,74.91,71,1,1.99,clear sky
333,Surt,LY,31.2089,16.5887,79.59,56,0,12.55,clear sky
334,Pozo Colorado,PY,-23.4923,-58.7972,78.22,19,36,4.61,scattered clouds
335,Nizwa,OM,22.9333,57.5333,86.63,53,71,3.71,broken clouds
336,Umba,RU,66.6871,34.3429,40.87,85,22,8.23,few clouds
337,Liverpool,GB,53.4106,-2.9779,67.08,87,40,3.44,light rain
338,Parfenyevo,RU,58.484,43.4088,50.32,83,100,4.76,light rain
339,Kutahya,TR,39.4242,29.9833,62.55,70,97,0.92,light rain
340,Olafsvik,IS,64.8945,-23.7142,51.39,85,100,14.32,overcast clouds
341,Rumonge,BI,-3.9736,29.4386,76.86,56,19,3.98,few clouds
342,Kovdor,RU,67.5662,30.4758,35.08,93,15,3.8,few clouds
343,Visby,SE,57.6409,18.296,64.85,77,11,10.36,few clouds
344,Tingo Maria,PE,-9.2895,-76.0088,86.29,51,59,4.41,broken clouds
345,Muzhi,RU,65.3667,64.6667,43.09,69,100,9.31,overcast clouds
346,Clearwater,US,27.9659,-82.8001,86.13,76,1,8.01,clear sky
347,Primorka,RU,47.2836,39.0625,65.16,36,0,7.36,clear sky
348,Babino,RU,56.2256,43.6238,57.18,88,40,6.71,scattered clouds
349,Gamba,GA,-2.65,10.0,76.42,84,70,8.1,broken clouds
350,Sahbuz,AZ,39.4072,45.5739,62.2,68,8,8.43,clear sky
351,Vila Franca Do Campo,PT,37.7167,-25.4333,73.81,74,100,8.23,overcast clouds
352,Cozumel,MX,20.5083,-86.9458,87.01,77,75,4.0,broken clouds
353,Urucara,BR,-2.5364,-57.76,87.06,61,100,2.66,overcast clouds
354,Colares,PT,38.7992,-9.4469,74.39,72,20,8.05,few clouds
355,Chama,CH,47.1821,8.4636,68.16,77,75,1.14,broken clouds
356,Havelock,US,34.8791,-76.9013,75.15,93,100,5.84,moderate rain
357,Ilheus,BR,-14.7889,-39.0494,78.94,68,6,8.79,clear sky
358,Ambam,CM,2.3833,11.2833,70.36,97,21,3.06,light rain
359,Bin Qirdan,TN,33.1378,11.2197,90.48,38,7,2.89,clear sky
360,Dalvik,IS,65.9702,-18.5286,52.81,61,99,1.7,overcast clouds
361,Blagoveshchenka,RU,52.8333,79.8667,50.0,51,86,10.71,overcast clouds
362,Kutum,SD,14.2,24.6667,84.25,31,39,7.7,scattered clouds
363,Ajaccio,FR,42.0,8.9167,71.58,50,0,2.3,clear sky
364,Tocopilla,CL,-22.092,-70.1979,65.25,66,11,8.25,few clouds
365,Issoire,FR,45.55,3.25,65.46,87,100,5.19,overcast clouds
366,Astaneh-Ye Ashrafiyeh,IR,37.2596,49.9444,67.48,77,100,9.04,overcast clouds
367,Tafresh,IR,34.692,50.013,68.65,31,0,11.16,clear sky
368,Raudeberg,NO,61.9875,5.1352,58.6,97,100,9.53,overcast clouds
369,Djenne,ML,13.9061,-4.5533,88.68,48,100,9.75,overcast clouds
370,Mulatupo,PA,8.9492,-77.7652,84.24,75,38,2.91,scattered clouds
371,Louis Trichardt,ZA,-23.0439,29.9032,59.81,84,12,7.2,few clouds
372,Tutoia,BR,-2.7619,-42.2744,85.98,69,6,14.07,clear sky
373,Yining,CN,29.0361,114.5636,72.36,89,17,0.67,light rain
374,Koppies,ZA,-27.2418,27.5742,62.06,39,2,7.83,clear sky
375,Quirinopolis,BR,-18.4483,-50.4517,97.63,17,55,8.34,broken clouds
376,Kaspi,GE,41.9252,44.4257,63.52,77,100,5.03,overcast clouds
377,Chingirlau,KZ,51.095,54.0814,65.55,36,100,17.43,overcast clouds
378,Cuite,BR,-6.4836,-36.1536,84.88,31,7,13.8,clear sky
379,Montespertoli,IT,43.6442,11.0737,74.79,47,1,4.05,clear sky
380,Awbari,LY,26.5921,12.7805,87.84,25,0,10.49,clear sky
381,Bafoulabe,ML,13.8065,-10.8321,86.99,66,100,5.19,overcast clouds
382,Ejido,VE,8.5514,-71.2375,78.8,69,100,5.59,overcast clouds
383,Ilulissat,GL,69.2167,-51.1,33.82,80,75,6.91,light shower snow
384,Santa Isabel Do Rio Negro,BR,-0.4139,-65.0192,85.75,66,100,1.99,overcast clouds
385,Niksic,ME,42.7731,18.9445,66.07,69,100,2.35,overcast clouds
386,Road Town,VG,18.4167,-64.6167,89.01,70,40,6.91,scattered clouds
387,Viedma,AR,-40.8135,-62.9967,63.9,38,13,4.16,few clouds
388,Kuruman,ZA,-27.4524,23.4325,65.98,28,0,10.33,clear sky
389,Werda,BW,-25.2667,23.2833,70.41,35,0,9.19,clear sky
390,Otradnyy,RU,53.376,51.3452,57.56,87,100,8.72,overcast clouds
391,Urcos,PE,-13.6861,-71.6228,71.49,61,86,7.96,overcast clouds
392,Mao,ES,39.8885,4.2658,77.56,83,40,2.3,scattered clouds
393,Omboue,GA,-1.5746,9.2618,76.55,83,17,8.97,few clouds
394,Riyadh,SA,24.6877,46.7219,91.54,14,100,8.23,overcast clouds
395,Surok,RU,56.4469,48.1214,57.78,89,61,8.79,broken clouds
396,El Alto,PE,-4.2714,-81.2147,70.25,72,63,11.61,broken clouds
397,Cobija,BO,-11.0267,-68.7692,77.85,76,99,7.61,overcast clouds
398,Yanam,IN,16.7333,82.2167,78.84,86,100,4.94,overcast clouds
399,Orodara,BF,10.9492,-4.9342,69.84,94,96,4.47,overcast clouds
400,Saint Anthony,US,45.0205,-93.218,75.92,52,40,1.01,scattered clouds
401,Snezhnogorsk,RU,69.1933,33.2531,40.78,89,65,13.04,broken clouds
402,Walvis Bay,NA,-22.9575,14.5053,56.08,89,0,4.16,clear sky
403,Trairi,BR,-3.2778,-39.2689,82.51,59,11,15.37,few clouds
404,Pokhara,NP,28.2333,83.9833,71.53,91,100,2.28,overcast clouds
405,Graham,US,47.0529,-122.2943,77.43,61,1,0.0,clear sky
406,Clyde River,CA,70.4692,-68.5914,34.21,54,29,1.95,scattered clouds
407,San Carlos De Bariloche,AR,-41.1456,-71.3082,51.89,70,39,7.34,scattered clouds
408,Ati,TD,13.2154,18.3353,91.63,46,90,4.5,overcast clouds
409,Ahwa,IN,20.75,73.6833,72.59,96,100,10.02,overcast clouds
410,Henties Bay,NA,-22.116,14.2845,55.85,90,0,7.31,clear sky
411,Lethem,GY,3.3803,-59.7968,88.81,56,97,5.03,overcast clouds
412,Golyshmanovo,RU,56.3979,68.3728,51.71,67,100,13.0,overcast clouds
413,Jaciara,BR,-15.9653,-54.9683,94.35,33,70,8.77,broken clouds
414,Eyl,SO,7.9803,49.8164,78.17,83,40,26.28,scattered clouds
415,Ancud,CL,-41.8697,-73.8203,58.53,80,51,7.72,broken clouds
416,Awjilah,LY,29.1081,21.2869,80.92,37,0,10.49,clear sky
417,Molokovo,RU,58.1661,36.7628,55.53,93,100,2.19,overcast clouds
418,Paarl,ZA,-33.7338,18.9752,70.02,30,100,5.97,overcast clouds
419,Qaqortoq,GL,60.7167,-46.0333,50.5,81,100,3.38,overcast clouds
420,Jardim,BR,-21.4803,-56.1381,82.58,26,100,7.23,overcast clouds
421,Motul,MX,21.1,-89.2833,95.0,49,80,5.17,broken clouds
422,Lidkoping,SE,58.5052,13.1577,64.54,88,48,5.19,scattered clouds
423,Pisco,PE,-13.7,-76.2167,66.02,77,14,9.15,few clouds
424,Aksu,CN,41.1231,80.2644,76.71,19,5,3.98,clear sky
425,Codrington,AU,-38.2667,141.9667,48.07,79,100,4.56,overcast clouds
426,Gazojak,TM,41.1875,61.4036,66.34,21,7,14.27,clear sky
427,Vuktyl,RU,63.8567,57.3094,44.83,99,100,1.7,overcast clouds
428,Acarau,BR,-2.8856,-40.12,83.91,59,59,19.57,broken clouds
429,Dudinka,RU,69.4058,86.1778,47.03,99,100,6.11,moderate rain
430,Benghazi,LY,32.1167,20.0667,78.19,55,0,9.24,clear sky
431,Harper,LR,4.375,-7.7169,77.54,87,53,10.65,light rain
432,Sedan,FR,49.6667,5.0,68.45,96,90,3.87,overcast clouds
433,Prado,BR,-17.3411,-39.2208,78.03,75,0,13.24,clear sky
434,Boueni,YT,-12.9025,45.0761,76.98,69,4,8.1,clear sky
435,Uvira,CD,-3.4067,29.1458,77.54,64,45,0.63,scattered clouds
436,Guelph,CA,43.5501,-80.2497,68.0,64,27,10.96,scattered clouds
437,Narasannapeta,IN,18.4167,84.05,79.14,89,100,9.8,moderate rain
438,Coxim,BR,-18.5067,-54.76,89.62,41,84,12.35,broken clouds
439,Japura,ID,-0.3167,102.35,74.43,96,82,2.06,broken clouds
440,Cavalcante,BR,-13.7975,-47.4583,94.01,13,5,8.55,clear sky
441,Gobabis,NA,-22.45,18.9667,70.79,30,44,13.67,scattered clouds
442,Maarianhamina,AX,60.0973,19.9348,55.26,100,90,9.22,overcast clouds
443,Melfi,IT,40.9965,15.6514,65.41,55,11,1.88,few clouds
444,Anse-Bertrand,GP,16.4721,-61.5078,87.62,67,100,13.56,overcast clouds
445,Kismayo,SO,-0.3582,42.5454,77.54,79,100,14.94,overcast clouds
446,Nata,PA,8.3333,-80.5167,85.87,69,45,6.4,scattered clouds
447,Khvorostyanka,RU,52.6096,48.9597,61.84,59,100,13.82,overcast clouds
448,Samana,DO,19.2056,-69.3369,91.62,66,20,4.61,few clouds
449,Palafrugell,ES,41.9174,3.1631,77.56,93,99,6.17,overcast clouds
450,Kathmandu,NP,27.7167,85.3167,70.02,100,75,2.3,broken clouds
451,Sassandra,CI,4.95,-6.0833,76.3,89,27,7.36,scattered clouds
452,Rio Gallegos,AR,-51.6226,-69.2181,60.85,16,75,13.8,broken clouds
453,Bandiagara,ML,14.3501,-3.6104,88.45,44,100,14.61,overcast clouds
454,Manaure,CO,11.7751,-72.4445,91.58,51,17,19.13,few clouds
455,Uzhur,RU,55.3036,89.8339,39.6,72,25,7.27,scattered clouds
456,Severouralsk,RU,60.1533,59.952,47.97,94,98,6.82,overcast clouds
457,Hvide Sande,DK,56.0045,8.1294,66.78,75,43,7.29,scattered clouds
458,Corinto,GR,37.9407,22.9573,72.75,67,63,3.74,broken clouds
459,Puerto Del Rosario,ES,28.5004,-13.8627,78.48,83,0,16.11,clear sky
460,Borlesti,RO,46.7667,26.4833,58.37,46,40,4.38,scattered clouds
461,Bosobolo,CD,4.1833,19.9,75.0,83,79,2.35,light rain
462,Balotra,IN,25.8333,72.2333,82.98,80,45,18.23,scattered clouds
463,Mogadishu,SO,2.0371,45.3438,77.41,84,100,15.82,overcast clouds
464,Inirida,CO,3.8653,-67.9239,82.8,76,95,3.94,overcast clouds
465,Areka,ET,7.0667,37.7,58.89,93,100,1.99,overcast clouds
466,Itarema,BR,-2.9248,-39.9167,83.07,59,57,18.32,broken clouds
467,Ajdabiya,LY,30.7554,20.2263,75.83,60,0,8.72,clear sky
468,Lyubytino,RU,58.8122,33.3922,59.54,90,99,7.2,overcast clouds
469,Bay Roberts,CA,47.5999,-53.2648,72.52,64,80,4.74,broken clouds
470,Constantine,DZ,36.365,6.6147,74.5,64,28,7.09,scattered clouds
471,Pachino,IT,36.7186,15.0907,75.6,68,9,7.4,clear sky
472,Gazanjyk,TM,39.2446,55.5154,71.98,20,1,10.25,clear sky
473,Mahon,ES,39.8885,4.2658,77.56,83,40,2.3,scattered clouds
474,Ipixuna,BR,-1.7625,-48.8043,78.75,71,100,6.17,overcast clouds
475,Balad,IQ,34.0164,44.1453,89.53,20,0,12.77,clear sky
476,Bonthe,SL,7.5264,-12.505,78.51,87,100,9.8,moderate rain
477,Yalova,TR,40.655,29.2769,71.83,74,100,11.7,overcast clouds
478,Hidrolandia,BR,-4.4081,-40.4378,98.85,17,6,5.7,clear sky
479,Aleksandrovskoye,RU,44.7142,43.0008,55.54,72,35,12.1,scattered clouds
480,Carballo,ES,43.213,-8.691,67.69,92,51,4.7,broken clouds
481,Chany,RU,55.3121,76.7647,43.18,93,63,7.49,broken clouds
482,Veinticinco De Mayo,AR,-35.4323,-60.1727,57.06,87,100,19.19,overcast clouds
483,Pontes E Lacerda,BR,-15.2261,-59.3353,92.08,33,13,6.33,few clouds
484,Sambava,MG,-14.2667,50.1667,70.56,85,12,9.24,few clouds
485,Aswan,EG,24.0934,32.907,96.8,21,1,21.74,clear sky
486,Marystown,CA,47.1666,-55.1483,67.51,67,37,10.31,scattered clouds
487,Sinnamary,GF,5.3833,-52.95,84.0,69,25,10.56,scattered clouds
488,Buchanan,LR,5.8808,-10.0467,77.7,87,94,9.78,moderate rain
489,Nanyamba,TZ,-10.6833,39.8333,66.78,91,8,2.28,clear sky
490,Manta,EC,-0.95,-80.7333,76.68,73,77,13.02,broken clouds
491,Sept-Iles,CA,50.2001,-66.3821,63.25,90,100,3.0,overcast clouds
492,Artigas,UY,-30.4,-56.4667,54.73,81,100,21.77,overcast clouds
493,Veshkayma,RU,54.05,47.1333,56.3,83,100,12.44,overcast clouds
494,Ilhabela,BR,-23.7781,-45.3581,75.4,85,100,3.2,overcast clouds
495,Neu-Anspach,DE,50.3167,8.5,71.26,89,100,3.27,overcast clouds
496,Maine-Soroa,NE,13.2114,12.0241,82.26,60,100,8.37,overcast clouds
497,Santa Fe,AR,-31.6333,-60.7,62.02,59,79,8.01,broken clouds
498,Santa Rosa,PH,14.3122,121.1114,81.1,85,100,3.29,overcast clouds
499,Sayyan,YE,15.1718,44.3244,68.07,34,100,10.67,overcast clouds
500,Matay,EG,28.419,30.7792,86.18,39,0,20.15,clear sky
501,Capinota,BO,-17.7167,-66.2333,69.84,42,89,7.11,overcast clouds
502,Malumfashi,NG,11.7853,7.6218,78.12,68,92,3.0,overcast clouds
503,Quijingue,BR,-10.7525,-39.2092,90.93,24,6,9.08,clear sky
504,Jumla,NP,29.2747,82.1838,60.71,92,89,2.57,overcast clouds
505,La Paz,BO,-16.5,-68.15,62.58,38,40,10.36,scattered clouds
506,Kuusamo,FI,65.9667,29.1833,41.04,81,0,3.44,clear sky
507,Oxelosund,SE,58.6706,17.1015,64.33,88,11,4.61,fog
508,Guarapari,BR,-20.6667,-40.4975,78.73,72,7,19.82,clear sky
509,Borovoy,RU,55.4333,86.0833,49.28,76,40,15.66,light intensity shower rain
510,Camacha,PT,33.0833,-16.3333,75.52,69,20,8.05,few clouds
511,Mahajanga,MG,-15.7167,46.3167,75.22,69,0,2.3,clear sky
512,Traverse City,US,44.7631,-85.6206,69.87,49,40,11.5,scattered clouds
513,Loksa,EE,59.5764,25.7214,62.92,89,99,9.89,overcast clouds
514,Port Shepstone,ZA,-30.7414,30.455,66.61,71,98,12.62,overcast clouds
515,Wiarton,CA,44.7407,-81.1332,67.39,60,11,9.75,few clouds
516,Mount Vernon,US,40.9126,-73.8371,72.59,88,90,1.01,light rain
517,Progreso,MX,21.2833,-89.6667,95.11,62,86,12.86,overcast clouds
518,Estelle,US,29.8458,-90.1067,90.05,49,40,6.91,scattered clouds
519,Port-Cartier,CA,50.0334,-66.8654,62.92,97,100,4.18,overcast clouds
520,Bosaso,SO,11.2842,49.1816,91.62,51,100,4.41,overcast clouds
521,Nueve De Julio,AR,-35.4444,-60.8831,53.58,85,100,17.05,overcast clouds
522,Krasnoarmeysk,RU,51.0239,45.6969,62.29,49,94,11.68,overcast clouds
523,Ocala,US,29.1872,-82.1401,81.95,94,75,3.44,light rain
524,Berwick,US,41.0545,-76.2333,75.34,79,100,4.99,overcast clouds
525,Mancio Lima,BR,-7.6142,-72.8958,91.76,42,99,4.09,overcast clouds
526,Horodyshche,UA,49.2849,31.4451,61.39,56,15,1.99,few clouds
527,Aktas,KZ,49.7789,72.9608,38.95,34,17,7.67,few clouds
528,Tangier,MA,35.7806,-5.8137,76.26,78,20,6.91,few clouds
529,Iracoubo,GF,5.4802,-53.2011,83.01,73,11,10.65,few clouds
530,Jizan,SA,17.3333,42.6667,93.54,51,27,2.8,scattered clouds
531,Pardilho,PT,40.7993,-8.626,73.0,69,100,5.17,overcast clouds
532,Noyabrsk,RU,63.1994,75.4507,42.44,66,78,7.45,broken clouds
533,La Plata,AR,-34.9215,-57.9545,58.91,91,100,17.67,overcast clouds
534,Fundao,BR,-19.9341,-40.4047,89.02,41,46,6.93,scattered clouds
535,Polunochnoye,RU,60.8697,60.4153,46.02,98,100,5.01,overcast clouds
536,Montreal,CA,45.5088,-73.5878,75.49,69,95,4.0,overcast clouds
537,Oktyabrskoye,RU,43.0645,44.7417,53.74,94,96,4.47,overcast clouds
538,Camocim,BR,-2.9022,-40.8411,85.91,57,6,19.01,clear sky
539,Tukrah,LY,32.5341,20.5791,76.6,58,0,7.0,clear sky
540,Tessalit,ML,20.1986,1.0114,99.41,15,70,6.82,broken clouds
541,Paragominas,BR,-2.9667,-47.4833,96.73,29,96,5.91,overcast clouds
542,Helsinki,FI,60.1695,24.9355,59.38,91,75,5.75,broken clouds
543,Semey,KZ,50.4111,80.2275,51.3,40,28,5.5,scattered clouds
544,Manyana,BW,-23.4,21.7167,70.25,40,2,9.19,clear sky
545,Simeonovgrad,BG,42.0333,25.8333,64.31,64,100,3.91,light rain
546,Carmelo,UY,-33.9892,-58.2856,58.15,91,100,16.28,overcast clouds
547,Najran,SA,17.4924,44.1277,81.54,15,11,4.41,few clouds
548,Rio Negrinho,BR,-26.2544,-49.5183,70.97,66,100,5.46,overcast clouds
549,Mafinga,TZ,-7.25,35.0667,73.6,46,78,9.13,broken clouds
550,Shakawe,BW,-18.3667,21.85,76.05,22,79,4.16,broken clouds
551,Yokadouma,CM,3.5167,15.05,71.92,95,94,2.44,overcast clouds
552,Ponta Delgada,PT,37.7333,-25.6667,74.12,73,20,11.5,few clouds
553,Boras,SE,57.721,12.9401,62.35,89,15,2.57,few clouds
554,Tanout,NE,14.9709,8.8879,89.22,42,79,19.69,broken clouds
555,Ibra,OM,22.6906,58.5334,83.88,61,100,3.85,overcast clouds
556,Bam,IR,29.106,58.357,82.9,16,100,8.39,overcast clouds
557,Roald,NO,62.5833,6.1333,60.12,88,75,11.5,broken clouds
558,Alto Araguaia,BR,-17.3147,-53.2153,92.59,28,64,7.2,broken clouds
559,Hargeysa,SO,9.56,44.065,77.99,43,99,18.81,overcast clouds
560,Dubti,ET,11.7361,41.0853,96.69,30,100,3.38,overcast clouds
561,Portree,GB,57.4129,-6.1942,56.52,93,100,4.85,overcast clouds
562,Les Cayes,HT,18.2,-73.75,87.19,62,28,11.68,scattered clouds
563,Khargone,IN,21.8167,75.6,76.35,87,100,15.48,overcast clouds
564,Bengkulu,ID,-3.8004,102.2655,74.68,89,100,7.47,overcast clouds
565,Back Mountain,US,41.3359,-75.9963,71.29,85,100,2.64,overcast clouds
566,Filadelfia,US,39.9523,-75.1638,76.06,85,90,4.0,overcast clouds
567,Minab,IR,27.1467,57.0801,90.9,46,89,4.12,overcast clouds
568,Shchigry,RU,51.8755,36.9043,60.62,62,12,7.09,few clouds
569,Polonnaruwa,LK,7.9333,81.0,77.61,74,100,6.24,overcast clouds
570,Komsomolskiy,UZ,40.4272,71.7189,72.82,28,4,8.03,clear sky
571,Chernyy Yar,RU,48.0624,46.1091,62.11,36,0,8.23,clear sky
572,Igrim,RU,63.1906,64.4162,48.04,86,100,10.76,overcast clouds
573,Kano,NG,12.0001,8.5167,82.42,57,90,7.92,overcast clouds
574,Sao Felix Do Xingu,BR,-6.6447,-51.995,90.99,38,99,6.08,overcast clouds
575,Tabas,IR,33.5959,56.9244,80.98,19,0,6.98,clear sky
576,Alexandria,EG,31.2156,29.9553,78.1,69,0,10.54,clear sky
577,Peterhead,GB,57.5058,-1.7981,61.2,99,100,2.71,overcast clouds
578,San Juan,AR,-31.5375,-68.5364,75.72,26,100,3.71,overcast clouds
579,Antalaha,MG,-14.9003,50.2788,68.02,88,10,7.25,clear sky
580,Tirano,IT,46.2154,10.1679,66.63,82,33,1.45,scattered clouds
581,Ugoofaaru,MV,5.6667,73.0,82.47,73,61,5.57,broken clouds
582,Shevchenkove,UA,49.6959,37.1735,60.58,41,2,6.53,clear sky
583,Alpena,US,45.0617,-83.4327,67.1,59,20,8.99,few clouds
584,Bataipora,BR,-22.2953,-53.2711,81.75,37,100,7.02,overcast clouds
585,Mendi,PG,-6.1761,143.6513,52.77,97,87,3.38,overcast clouds
586,Boa Vista,BR,2.8197,-60.6733,93.18,43,40,10.36,scattered clouds
587,Jalu,LY,29.0331,21.5482,81.48,35,0,11.03,clear sky
588,Pangody,RU,65.85,74.4859,40.39,64,7,4.09,clear sky
589,Los Llanos De Aridane,ES,28.6585,-17.9182,74.95,73,20,13.8,few clouds
590,Turochak,RU,52.2576,87.1224,40.33,90,100,3.51,overcast clouds
591,Saint-Francois,FR,46.4154,3.9054,64.47,94,100,2.3,overcast clouds
592,Timizart,DZ,36.8,4.2667,74.05,65,90,6.6,overcast clouds
593,Sharjah,AE,25.3573,55.4033,94.98,73,100,2.3,haze
594,Tamandare,BR,-8.7597,-35.1047,78.94,72,13,8.99,few clouds
595,Soyo,AO,-6.1349,12.3689,75.31,86,42,11.39,scattered clouds
596,Kargil,IN,34.5667,76.1,58.53,53,73,5.61,broken clouds
597,Sacramento,US,38.4666,-121.3177,106.5,32,1,1.01,clear sky
598,Meshchovsk,RU,54.3244,35.2808,61.16,72,100,8.1,overcast clouds
599,Marfino,RU,55.7028,37.3822,59.88,88,75,8.95,broken clouds
600,Porto-Vecchio,FR,41.591,9.2795,76.46,83,40,8.05,scattered clouds
601,Goderich,CA,43.7501,-81.7165,69.03,66,10,17.54,clear sky
602,Antofagasta,CL,-23.65,-70.4,66.22,57,3,7.18,clear sky
603,Parana,AR,-31.732,-60.5238,62.56,61,95,17.87,overcast clouds
604,Hirna,ET,9.2167,41.1,62.82,75,100,6.53,overcast clouds
605,Vieux-Habitants,GP,16.0589,-61.7659,87.37,65,100,12.41,overcast clouds
606,Oranjestad,AW,12.524,-70.027,87.75,70,75,19.57,broken clouds
607,Mehamn,NO,71.0357,27.8492,44.78,81,75,19.57,broken clouds
608,Front Royal,US,38.9182,-78.1944,79.11,71,40,2.71,scattered clouds
609,Kattivakkam,IN,13.2167,80.3167,86.09,70,100,10.13,overcast clouds
610,Ribeira Brava,PT,32.65,-17.0667,79.0,81,100,2.44,overcast clouds
611,Poretskoye,RU,55.1974,46.3291,57.65,81,100,14.03,overcast clouds
612,Thinadhoo,MV,0.5333,72.9333,82.99,72,24,8.39,few clouds
613,De Aar,ZA,-30.6497,24.0123,64.49,33,11,10.58,few clouds
614,Bulawayo,ZW,-20.15,28.5833,58.46,80,96,9.95,overcast clouds
615,Sironj,IN,24.1,77.7,75.06,92,100,8.68,heavy intensity rain
616,Brigantine,US,39.4101,-74.3646,72.01,96,90,5.75,moderate rain
617,Muscat,OM,23.6139,58.5922,89.62,56,95,2.73,overcast clouds
618,Sistranda,NO,63.7256,8.834,51.91,81,100,12.3,overcast clouds
619,Svetlyy,RU,54.675,20.1347,62.65,65,9,9.4,clear sky
620,Volot,RU,57.9278,30.7025,63.36,72,100,9.89,overcast clouds
621,Katowice,PL,50.2584,19.0275,66.36,72,6,3.0,clear sky
622,Necochea,AR,-38.5473,-58.7368,52.03,95,100,15.61,light rain
623,Sokoni,TZ,-6.4333,39.55,76.44,78,6,15.12,clear sky
624,Thompson,CA,55.7435,-97.8558,67.41,45,100,6.44,overcast clouds
625,Vestmanna,FO,62.1564,-7.1664,47.32,93,40,4.61,scattered clouds
626,Moose Factory,CA,51.2585,-80.6094,60.1,72,89,8.66,overcast clouds
627,Kurchum,KZ,48.5722,83.6542,48.2,48,0,7.85,clear sky
628,Camana,PE,-16.6228,-72.7111,64.8,73,30,9.24,scattered clouds
629,San Ignacio,BZ,17.1561,-89.0714,95.05,42,74,8.19,broken clouds
630,Priponesti,RO,46.0833,27.4333,55.6,33,99,2.53,overcast clouds
631,Shubarshi,KZ,48.5872,57.1869,55.31,30,5,10.69,clear sky
632,Seydi,TM,39.4816,62.9137,70.99,14,0,16.93,clear sky
633,Banda Aceh,ID,5.5577,95.3222,79.25,74,100,14.99,overcast clouds
634,Marsh Harbour,BS,26.5412,-77.0636,85.98,66,14,11.27,few clouds
635,Chardara,KZ,41.2547,67.9692,67.59,34,0,8.25,clear sky
636,Gaspe,CA,48.8334,-64.4819,70.02,83,75,4.61,broken clouds
637,Sylvania,US,41.7189,-83.713,72.0,60,90,3.0,overcast clouds
638,Mumford,GH,5.2618,-0.759,76.77,91,4,7.45,clear sky
639,Atar,MR,20.5169,-13.0499,106.47,7,16,15.77,few clouds
640,Pergamino,AR,-33.89,-60.5736,58.51,77,98,19.24,overcast clouds
641,Balkanabat,TM,39.5108,54.3671,77.29,20,3,10.54,clear sky
642,Cap-Aux-Meules,CA,47.3821,-61.8597,64.45,94,90,25.32,mist
643,Stykkisholmur,IS,65.0757,-22.7297,51.51,81,100,11.72,overcast clouds
644,Borovskoy,KZ,53.8,64.15,53.44,47,100,13.15,overcast clouds
645,Apucarana,BR,-23.5508,-51.4608,66.33,48,100,10.51,light rain
646,Luxor,EG,25.6989,32.6421,94.01,23,0,15.88,clear sky
647,Onega,RU,63.9061,38.1404,46.54,84,99,4.92,overcast clouds
648,Nagorsk,RU,59.3172,50.8078,45.3,94,44,10.38,scattered clouds
649,Pimentel,PE,-6.8367,-79.9342,66.67,78,89,15.17,overcast clouds
650,Nshamba,TZ,-1.7983,31.5511,67.78,63,59,2.64,broken clouds
651,Roanoke,US,37.271,-79.9414,82.98,55,40,1.99,scattered clouds
652,Calabozo,VE,8.9242,-67.4293,89.64,52,100,7.61,overcast clouds
653,Formosa Do Rio Preto,BR,-11.0483,-45.1931,96.93,14,2,7.23,clear sky
654,Olavarria,AR,-36.8927,-60.3225,51.66,89,100,17.72,overcast clouds
655,Chicama,PE,-7.8447,-79.1469,71.83,64,58,10.2,broken clouds
656,Forestville,US,38.8451,-76.875,76.86,69,20,9.22,few clouds
657,Talara,PE,-4.5772,-81.2719,68.2,77,85,13.67,overcast clouds
658,Kasane,BW,-17.8167,25.15,72.37,29,0,5.7,clear sky
659,Oussouye,SN,12.485,-16.5469,82.11,81,100,8.72,overcast clouds
660,Hals,DK,56.9961,10.3081,64.38,81,92,7.92,overcast clouds
661,Shelburne,CA,44.0787,-80.2041,66.13,54,16,13.87,few clouds
662,Koungou,YT,-12.7336,45.2042,76.71,61,0,6.91,clear sky
663,Kletskaya,RU,49.3145,43.0584,62.69,41,6,9.22,clear sky
664,Chhabra,IN,24.6667,76.8333,76.03,95,100,10.76,overcast clouds
665,Kot Diji,PK,27.3427,68.7083,89.62,60,100,11.5,overcast clouds
666,General Pico,AR,-35.6566,-63.7568,57.65,63,99,11.12,overcast clouds
667,Talnakh,RU,69.4865,88.3972,49.42,96,100,7.56,light rain
668,Santa Catalina,PH,9.3337,122.8637,78.22,91,100,13.42,moderate rain
669,Kabompo,ZM,-13.5927,24.2008,72.09,17,0,7.07,clear sky
670,Hauterive,FR,46.0901,3.4459,66.96,91,100,1.25,overcast clouds
671,Santa Lucia,ES,27.9117,-15.5407,72.77,71,20,27.63,few clouds
672,Cartagena Del Chaira,CO,1.3349,-74.8429,86.79,59,72,5.57,broken clouds
673,Porto Santo,PT,33.072,-16.3415,78.3,69,20,8.05,few clouds
674,Hoima,UG,1.4356,31.3436,64.65,96,90,1.68,light rain
675,Ous,RU,60.9058,61.5186,47.98,98,100,7.27,overcast clouds
676,Belomorsk,RU,64.5232,34.7668,45.9,87,62,5.97,broken clouds
677,The Valley,AI,18.217,-63.0578,88.11,66,20,10.36,few clouds
678,Kaputa,ZM,-8.4689,29.6619,80.55,42,92,3.51,overcast clouds
679,Nizhniye Vyazovyye,RU,55.7988,48.5248,57.83,89,100,12.71,overcast clouds
680,Monte Alegre,BR,-2.0078,-54.0692,95.88,35,67,6.87,broken clouds
681,Falmouth,GB,50.1544,-5.0711,64.78,100,72,8.08,broken clouds
682,Kumbo,CM,6.2,10.6667,60.8,95,56,0.16,light rain
683,Capaci,IT,38.1711,13.2393,78.4,57,40,3.44,scattered clouds
